regulator_name,sequence
21ur-5898,UCAGUAGGUGGCAUUAACAAU
21ur-10202,UUUUUUGAAACGGUGAUUCUG
21ur-3853,UUUUGGGAAAUCAAAAUGUGC
21ur-4409,UCUCAGCUAAAUUAAUUCAGU
21ur-4804,UGUUUGAUCAGCAUUGAAAAC
21ur-1084,UGGUACGCGCCAAUUACAUAC
21ur-905,UGAUCAUUCAUGUAACGGUUC
21ur-1688,UCAAAUUUAUUUUGCAGUAGG
21ur-3769,UUAAUGGAGGUCCAUUAUACG
21ur-4118,UAUAUAUGCGCAUUCCACUAG
21ur-2664,UUAGCAAGUAUUCUGACAUUC
21ur-3367,UAAUGGAGGUCCAUUAUACGC
21ur-4695,UAGCAAGUAUUCUGACAUUCG
21ur-2269,UGCCAAAAAAUAGAAAAGUCA
21ur-1052,UGAAUUUAACUUCGAUCAGGG
21ur-3864,UAAGUCAGUCCAUUGUAUCGA
21ur-2318,UGUUAUGGCAUUACGCUUGAU
21ur-3365,UGGAGGUCCAUUAUACGCAAG
21ur-3835,UUCAUCCUUUUUUCCAGUUAA
