transcript_name,sequence
2L52.1a.1,AAATTTTTCTCAACTTGTCATGTCAATGGTAAGAAATGTATCAAATCAGAGCGAAAAATTGGAAATTTTGTCATGTAAATGGGTAGGATGTCTCAAATCAACAGAAGTGTTCAAAACGGTTGAAAAGTTATTAGATCATGTTACGGCTGATCATATTCCAGAAGTTATTGTAAACGATGACGGGTCGGAGGAAGTCGTTTGTCAGTGGGATTGCTGCGAAATGGGTGCCAGTCGTGGAAATCTTCAAAAAAAGAAAGAGTGGATGGAGAATCACTTCAAAACACGTCATGTTCGCAAAGCAAAAATATTCAAATGCTTAATTGAGGATTGCCCTGTGGTAAAGTCAAGTAGTCAGGAAATTGAAACCCATCTCAGAATAAGTCATCCAATAAATCCGAAAAAAGAGAGACTGAAAGAGTTTAAAAGTTCTACCGACCACATCGAACCTACTCAAGCTAATAGAGTATGGACAATTGTGAACGGAGAGGTTCAATGGAAGACTCCACCGCGGGTTAAAAAAAAGACTGTGATATACTATGATGATGGGCCGAGGTATGTATTTCCAACGGGATGTGCGAGATGCAACTATGATAGTGACGAATCAGAACTGGAATCAGATGAGTTTTGGTCAGCCACAGAGATGTCAGATAATGAAGAAGTATATGTGAACTTCCGTGGAATGAACTGTATCTCAACAGGAAAGTCGGCCAGTATGGTCCCGAGCAAACGAAGAAATTGGCCAAAAAGAGTGAAGAAAAGGCTATCGACACAAAGAAACAATCAGAAAACTATTCGACCACCAGAGCTGAATAAAAATAATATAGAGATAAAAGATATGAACTCAAATAACCTTGAAGAACGCAACAGAGAAGAATGCATTCAGCCTGTTTCTGTTGAAAAGAACATCCTGCATTTTGAAAAATTCAAATCAAATCAAATTTGCATTGTTCGGGAAAACAATAAATTTAGAGAAGGAACGAGAAGACGCAGAAAGAATTCTGGTGAATCGGAAGACTTGAAAATTCATGAAAACTTTACTGAAAAACGAAGACCCATTCGATCATGCAAACAAAATATAAGTTTCTATGAAATGGACGGGGATATAGAAGAATTTGAAGTGTTTTTCGATACTCCCACAAAAAGCAAAAAAGTACTTCTGGATATCTACAGTGCGAAGAAAATGCCAAAAATTGAGGTTGAAGATTCATTAGTTAATAAGTTTCATTCAAAACGTCCATCAAGAGCATGTCGAGTTCTTGGAAGTATGGAAGAAGTACCATTTGATGTGGAAATAGGATATTGATTTTATAACGTGTAATTGAGTTTTGGCCAAAAAGGTATGGAAAGGTGGCTGTTTAGTTATATATTTTTCTATTATTTATTTGAAACTTTCTCTTTTAGAGTACGGCCCCAGAGCGATGTTAGAAACCTGAGATCGGTCAACACAGACCGTTAATTTTGGGAAGTTGAGAAATTCGCTAGTTTCTGACACGAATTTCAGCTAATACCAAATAATGTGCAATTGCATTTTGCATGTCAGCATTCAGCATTCATACAAAAATTTCAAAGAGCCAACTTTTCATACGTTTATGGTCAACACTGTATGTGTTACATTGAACTTTTTTAAATTGTATTATTTCATATTTGAATCATTTCCATGCCATTTTCAAATCTTTTTTTAACAAAAATTTAGTTTCAAAGTTTTAAATTTAGGTGAAAACTTGCTACAAAATAACACATTCTTTAGTCGTTTCAATTGCTATCTATCCGCAGACTGCAATTTTGTTTTCCCACAACCATTCACACAATAAATAAGGGTATAAAGTTTTGTTCATATAACACATTTCAATACTAACATTTCAATTTTGAACAATTTTTCTAAACTTATTTCCCTTCGCCCAAACGTCATTCAACATTCTTTGTACAAAACATTACCATTATAGAAAATCTCATTTTTCCACTATTTCATTTATTTTTATTGTTCCGCGATAAATATAAATAAAC
2L52.1a.2,AAATTTTTCTCAACTTGTCATGTCAATGGTAAGAAATGTATCAAATCAGAGCGAAAAATTGGAAATTTTGTCATGTAAATGGGTAGGATGTCTCAAATCAACAGAAGTGTTCAAAACGGTTGAAAAGTTATTAGATCATGTTACGGCTGATCATATTCCAGAAGTTATTGTAAACGATGACGGGTCGGAGGAAGTCGTTTGTCAGTGGGATTGCTGCGAAATGGGTGCCAGTCGTGGAAATCTTCAAAAAAAGAAAGAGTGGATGGAGAATCACTTCAAAACACGTCATGTTCGCAAAGCAAAAATATTCAAATGCTTAATTGAGGATTGCCCTGTGGTAAAGTCAAGTAGTCAGGAAATTGAAACCCATCTCAGAATAAGTCATCCAATAAATCCGAAAAAAGAGAGACTGAAAGAGTTTAAAAGTTCTACCGACCACATCGAACCTACTCAAGCTAATAGAGTATGGACAATTGTGAACGGAGAGGTTCAATGGAAGACTCCACCGCGGGTTAAAAAAAAGACTGTGATATACTATGATGATGGGCCGAGGTATGTATTTCCAACGGGATGTGCGAGATGCAACTATGATAGTGACGAATCAGAACTGGAATCAGATGAGTTTTGGTCAGCCACAGAGATGTCAGATAATGAAGAAGTATATGTGAACTTCCGTGGAATGAACTGTATCTCAACAGGAAAGTCGGCCAGTATGGTCCCGAGCAAACGAAGAAATTGGCCAAAAAGAGTGAAGAAAAGGCTATCGACACAAAGAAACAATCAGAAAACTATTCGACCACCAGAGCTGAATAAAAATAATATAGAGATAAAAGATATGAACTCAAATAACCTTGAAGAACGCAACAGAGAAGAATGCATTCAGCCTGTTTCTGTTGAAAAGAACATCCTGCATTTTGAAAAATTCAAATCAAATCAAATTTGCATTGTTCGGGAAAACAATAAATTTAGAGAAGGAACGAGAAGACGCAGAAAGAATTCTGGTGAATCGGAAGACTTGAAAATTCATGAAAACTTTACTGAAAAACGAAGACCCATTCGATCATGCAAACAAAATATAAGTTTCTATGAAATGGACGGGGATATAGAAGAATTTGAAGTGTTTTTCGATACTCCCACAAAAAGCAAAAAAGTACTTCTGGATATCTACAGTGCGAAGAAAATGCCAAAAATTGAGGTTGAAGATTCATTAGTTAATAAGTTTCATTCAAAACGTCCATCAAGAGCATGTCGAGTTCTTGGAAGTATGGAAGAAGTACCATTTGATGTGGAAATAGGATATTGATTTTATAACGTGTAATTGAGTTTTGGCCAAAAAGGTATGGAAAGGTGGCTGTTTAGTTATATATTTTTCTATTATTTATTTGAAACATGCAAAATTGAAGTGAACAATAAGTGATGTTCATGGAAATTTAAACTGTTTTATGATACTTTTTTGAGAAATTGAAAAATCTGTTCATTTTAGAAACAATGTCCACATGGTTCTAAGAGCTAAAATTTTTATTTTCATCCATTTAGAGTACTTTCTCTTTTAGAGTACGGCCCCAGAGCGATGTTAGAAACCTGAGATCGGTCAACACAGACCGTTAATTTTGGGAAGTTGAGAAATTCGCTAGTTTCTGACACGAATTTCAGCTAATACCAAATAATGTGCAATTGCATTTTGCATGTCAGCATTCAGCATTCATACAAAAATTTCAAAGAGCCAACTTTTCATACGTTTATGGTCAACACTGTATGTGTTACATTGAACTTTTTTAAATTGTATTATTTCATATTTGAATCATTTCCATGCCATTTTCAAATCTTTTTTTAACAAAAATTTAGTTTCAAAGTTTTAAATTTAGGTGAAAACTTGCTACAAAATAACACATTCTTTAGTCGTTTCAATTGCTATCTATCCGCAGACTGCAATTTTGTTTTCCCACAACCATTCACACAATAAATAAGGGTATAAAGTTTTGTTCATATAACACATTTCAATACTAACATTTCAATTTTGAACAATTTTTCTAAACTTATTTCCCTTCGCCCAAACGTCATTCAACATTCTTTGTACAAAACATTACCATTATAGAAAATCTCATTTTTCCACTATTTCATTTATTTTTATTGTTCCG
2L52.1b.1,ATGTCAGATAATGAAGAAGTATATGTGAACTTCCGTGGAATGAACTGTATCTCAACAGGAAAGTCGGCCAGTATGGTCCCGAGCAAACGAAGAAATTGGCCAAAAAGAGTGAAGAAAAGGCTATCGACACAAAGAAACAATCAGAAAACTATTCGACCACCAGAGCTGAATAAAAATAATATAGAGATAAAAGATATGAACTCAAATAACCTTGAAGAACGCAACAGAGAAGAATGCATTCAGCCTGTTTCTGTTGAAAAGAACATCCTGCATTTTGAAAAATTCAAATCAAATCAAATTTGCATTGTTCGGGAAAACAATAAATTTAGAGAAGGAACGAGAAGACGCAGAAAGAATTCTGGTGAATCGGAAGACTTGAAAATTCATGAAAACTTTACTGAAAAACGAAGACCCATTCGATCATGCAAACAAAATATAAGTTTCTATGAAATGGACGGGGATATAGAAGAATTTGAAGTGTTTTTCGATACTCCCACAAAAAGCAAAAAAGTACTTCTGGATATCTACAGTGCGAAGAAAATGCCAAAAATTGAGGTTGAAGATTCATTAGTTAATAAGTTTCATTCAAAACGTCCATCAAGAGCATGTCGAGTTCTTGGAAGTATGGAAGAAGTACCATTTGATGTGGAAATAGGATATTGATTTTATAACGTGTAATTGAGTTTTGGCCAAAAAGGTATGGAAAGGTGGCTGTTTAGTTATATATTTTTCTATTATTTATTTGAAACTTTCTCTTTTAGAGTACGGCCCCAGAGCGATGTTAGAAACCTGAGATCGGTCAACACAGACCGTTAATTTTGGGAAGTTGAGAAATTCGCTAGTTTCTGACACGAATTTCAGCTAATACCAAATAATGTGCAATTGCATTTTGCATGTCAGCATTCAGCATTCATACAAAAATTTCAAAGAGCCAACTTTTCATACGTTTATGGTCAACACTGTATGTGTTACATTGAACTTTTTTAAATTGTATTATTTCATATTTGAATCATTTCCATGCCATTTTCAAATCTTTTTTTAACAAAAATTTAGTTTCAAAGTTTTAAATTTAGGTGAAAACTTGCTACAAAATAACACATTCTTTAGTCGTTTCAATTGCTATCTATCCGCAGACTGCAATTTTGTTTTCCCACAACCATTCACACAATAAATAAGGGTATAAAGTTTTGTTCATATAACACATTTCAATACTAACATTTCAATTTTGAACAATTTTTCTAAACTTATTTCCCTTCGCCCAAACGTCATTCAACATTCTTTGTACAAAACATTACCATTATAGAAAATCTCATTTTTCCACTATTTCATTTATTTTTATTGTTCCGCGATAAATATAAATAAAC
2RSSE.1a.1,TTGGCGGGTATTCCAAGATTAGTGGTAGCTGTATCCTCGTATCATTTGCCTCAACATCACCACCACCACCACCACCACCTCGACGCCCGACTCCTTTAGGCTCAGCAGCAGCAGTGACCCGATCATCCGTGAATCACGACGTCGTCGTCTTCACCGCTTGCTCGTCAACGACCGCCGGCTCCACCGCCTCCACCGCCAAGACGACGACGACGGTGCACGAGGCGTGCACGTCGCCGCAGCACCAGCACCATCTGCATCGTCGTAGCGGTATGACAGTGGCGAGTTACAGTATGGTGCTGTGTGGCTCATCTGATGATCATCGCTATCGAGGCAGAATCGAAAAAGTAAAATTCGGCGTACCCATAAACGAAGCATTTGCCCATGACATTCCCGCCACGCTTCTCATGCTCTTGCTCAAAGTGAACAAGGATGGACCCGCGAAAAAGGATATTTGGCGAGCGCCCGGAAATCAGGCTCAAGTGCGAAAATTGTCGCAAGTGATGCAACACGGGCGGCTTGTAAATATCGAGAATTTCACGGTTTACACGGCGGCATCTGTCATCAAAAAGTTTCTTTCAAAGTTGCCAAACGGCATTTTTGGACGGGATAATGAGGAGACACTGTTCAATAGTGCATCGACTGGAATGGATATTGAGAAGCAGAGACAGGTGTTTTATAGGATATTTGGATCACTTCCAGTCGCATCCCAACACTTGCTCGTCCTACTTTTCGGCACATTTCGGGTCGTCGCCGACTCGTCGGACGGTCATTCGAACGCGATGAACCCGAATGCGATCGCGATTTCGGTGGCACCATCGCTTTTTCACACTTGTATACACGATGGACGGACGGCGCGAGTAGAAGACCTTCAACGGTTCAAGCTGGCCTCGAACATTGTGTGCTCGATAATTTGCTCATTCGGCGACACGAAGCTCTTCCCACGCGAGTGCTACGAGTATTACGCCAGATACACGGGTCGCACGTTGCGAATCGACGAGAATCGAATGTTCACTTTTCATAATCCATCCAACCGTCGTGCTCGTGGCGAAGAGTTCTCCGCGTTGGCGGCAAAGTGTGCGGGCGCCTACTCGCTGGCCGCCATCCACCTGGCCGAAGAAGCGTCACCGGAGCCCACTCCGACAACCTCGAAGCCTCCACGTGGCAACGGCGTCGGGCGTGCCGGGAGTCTGAAGCAGCACGCGTTGACCCAGACGACGGATCATCCGAAGAGAAGCGTGTCGATCGCGGCTAAGGATCCGTATCCAACTGATTTAAGGACATCGGTCAGCTGTGATTTTTGATATCAATATACTTGTTTTGTTGTGATATCCTTTTATTTTAATTCTTTCTTGTTTAATTTAATTTCATTTAATTTGAAGTTTTTTTTCATCGCGAAAAAATCCCAAAAATCCCAAAAGTCCCCGAATTATGTGGCCTAACATTTATTGTTCTTTTTTTGTCTTTTTTATGTGCAAATGTTCGGTGTGTCTTTTTTGGTTTGTTTGCTGCAAGCGCGTTTCTTTTTGCTAGGCTTGTTGTGCATCAAGTTGTAAATTTTCGAAAAGTGAAGGCAAAACTTTGAAACGTTATATCTCAACAACCATGAGAGCTATAAAAAAATTGTCAACTAACAAAATATTTTTCATACAATTTTGAATATTTTCTCAGTTGACAACTTTTTGATAGCATTTTTCTCCGCGGAGTTAGAGGCGTTTGAAGACTACTGGCCTAGGTGGTGTCAGAGTGGCTTGATCTACGTGGAAAAAGAGACGCAATGTTTTCAACTGATTTTGCATGGTTCAGATCGTGCTGACATCGCATTTTTTGGACAAAAAAAACCGTAATGGCCTATCCTTGTACCACGTGCAGGCCGAGAAAAGGAGGGGCGGGAAGACGCAGAACCTCTCGCTGTCTGCGTCTAACCCTTCTTGAGTCGGAGTCACCTGAGCAATTGCACATAAAAATCCTCACACCCTTCAAAAAAAAAGCAAAATTGCTCATATTTCTCTCTTTTTTCTTCCTCTTCCACTCTTTCTCATTTTCTTTTTTCCCCACATTCCCCAGCCTTTTTGCCTTATCAAATTCGCGATAATCATAATCACAACAAAGAAATCGCGCTCCACTGACAAATTATCAGTAGAGCGCGCCCGCACCCCACCTACGCACTGTTCTCTCATGTTACGTGTCGCCAGCCGCCCCGCCCCACTTTAAGAAAACTTTATTATCGATTTTTTGTTCGGTCCGCCAGTTGAAAAGCAGCTGAAATTTTAATATGATCCTAACCTACTTCATGTTTCATCTGAAAATTGAAAAATAAATTTAACGGATA
2RSSE.1b.1,TTGGCGGGTATTCCAAGATTAGTGGTAGCTGTATCCTCGTATCATTTGCCTCAACATCACCACCACCACCACCACCACCTCGACGCCCGACTCCTTTAGGCTCAGCAGCAGCAGTGACCCGATCATCCGTGAATCACGACGTCGTCGTCTTCACCGCTTGCTCGTCAACGACCGCCGGCTCCACCGCCTCCACCGCCAAGACGACGACGACGGTGCACGAGGCGTGCACGTCGCCGCAGCACCAGCACCATCTGCATCGTCGTAGCGGTATGACAGTGGCGAGTTACAGTATGGTGCTGTGTGGCTCATCTGATGATCATCGCTATCGAGGCAGAATCGAAAAAGTAAAATTCGGCGTACCCATAAACGAAGCATTTGCCCATGACATTCCCGCCACGCTTCTCATGCTCTTGCTCAAAGTGAACAAGGATGGACCCGCGAAAAAGGATATTTGGCGAGCGCCCGGAAATCAGGCTCAAGTGCGAAAATTGTCGCAAGTGATGCAACACGGGCGGCTTGTAAATATCGAGAATTTCACGGTTTACACGGCGGCATCTGTCATCAAAAAGTTTCTTTCAAAGTTGCCAAACGGCATTTTTGGACGGGATAATGAGGAGACACTGTTCAATAGTGCATCGACTGGAATGGATATTGAGAAGCAGAGACAGGTGTTTTATAGGATATTTGGATCACTTCCAGTCGCATCCCAACACTTGCTCGTCCTACTTTTCGGCACATTTCGGGTCGTCGCCGACTCGTCGGACGGTCATTCGAACGCGATGAACCCGAATGCGATCGCGATTTCGGTGGCACCATCGCTTTTTCACACTTGTATACACGATGGACGGACGGCGCGAGTAGAAGACCTTCAACGGTTCAAGCTGGCCTCGAACATTGTGTGCTCGATAATTTGCTCATTCGGCGACACGAAGCTCTTCCCACGCGAGTGCTACGAGTATTACGCCAGATACACGGGTCGCACGTTGCGAATCGACGAGAATCGAATGTTCACTTTTCATAATCCATCCAGCTGTTTTTCGATGAGAGTACCCACGATCCAGGAGAACGAGCCGATGCGGAATCAGCCAAGCACCAGTCGAGCAACTACGAAGCCTATGCCTACTATGGCTAGGCTTAACAATCGGTTGAGCAGCAGTGTTGGAGAGGTTCTCATAGAAGGCATATCCGACGTCGAAGAGCTCAGCGACCTCGACATAATCCGCCCGCTCACTGCCTGCGGAGGCGACCGATCTCTCTCCTACCTCCAGTATGTACATGAAAACCAGGCACGACGGATGAGGTCTCGAAGCGAATGGTTCTTATCGCCGGTCTCCAACGCGAAAAAGACATCTTCGAAATCAGTGGACTACTTTGGACCAGTGACGATTGAGGAAAATCCAAAGCCGACGCCTCTGCCGAAGCCTGCTCGGGCTCCACTTCAGACAAGCTCCAAATCCAACATTTCCAATGCTTCGGATGACAGCGTTCCAACACGGAGGCGGTCGCTGAAAATGCAGATGAGAGCTGCGGCTTTTGCTTCGAACCCTAGCCACTCCCTTGACTATCAGGAAGTGGGCGCCTCGAATCCACGTCTCCGAGGTCACACGTCGGTGGAGGATGACACGTGGCTGGCCGAAGTGGTGCCGCACGACGAAATCCCGAAAAAGCGGCGGAGTTTGAAGAAGAAGACATCGACTCAGTTCTGAAAAAATCAGCTGAAAAACTTAATTTATTTTAATTTTTGTTGTTGATTCGGCAGAAAAATTTGGGGAGTGCGATGGAGCGCGGTTGTAGTTTTTAATTAAAAGTTTCCGGATTTTCCAACAGATTATCGATCGATTTTTATCTCGCCGCCGCAACCTCGCTCCACCGCACCACCGGGCAATTCTGCCGAATCTACAACAACCCCCTCAAAACTTGAATTTCTAACACCTTTTGGTTGTGATCTACCCATTAAACTTTCCCCATTCCGCTCACTCCCGCGGAGGAAAATCAGTATCAATATTTCTTGTAAAAATCATCGCCCCAAAAAAGTCTTTCGCCATGCCTTCAAATCTCTTTCATTTCTTTTAATCCATGTAAAATCCACATCATTCTGTCAATTTTCACTTTCACGAAAAGCTCCATTGAAATTCATCCATGCGCCTTTAAGGCACATTCGCTGTAAGACCCGGGAGCTTTTCACAATTTTTTGAACCAAGATGAATAATCGATATTATATTACCTCACTTGCTCAATTTTCACATTGCTTTGTATTTACATGACCCTTTGCATTAATAAATATTAAATCT
2RSSE.1c.1,TTGGCGGGTATTCCAAGATTAGTGGTAGCTGTATCCTCGTATCATTTGCCTCAACATCACCACCACCACCACCACCACCTCGACGCCCGACTCCTTTAGGCTCAGCAGCAGCAGTGACCCGATCATCCGTGAATCACGACGTCGTCGTCTTCACCGCTTGCTCGTCAACGACCGCCGGCTCCACCGCCTCCACCGCCAAGACGACGACGACGGTGCACGAGGCGTGCACGTCGCCGCAGCACCAGCACCATCTGCATCGTCGTAGCGGTATGACAGTGGCGAGTTACAGTATGGTGCTGTGTGGCTCATCTGATGATCATCGCTATCGAGGCAGAATCGAAAAAGTAAAATTCGGCGTACCCATAAACGAAGCATTTGCCCATGACATTCCCGCCACGCTTCTCATGCTCTTGCTCAAAGTGAACAAGGATGGACCCGCGAAAAAGGATATTTGGCGAGCGCCCGGAAATCAGGCTCAAGTGCGAAAATTGTCGCAAGTGATGCAACACGGGCGGCTTGTAAATATCGAGAATTTCACGGTTTACACGGCGGCATCTGTCATCAAAAAGTTTCTTTCAAAGTTGCCAAACGGCATTTTTGGACGGGATAATGAGGAGACACTGTTCAATAGTGCATCGACTGGAATGGATATTGAGAAGCAGAGACAGGTGTTTTATAGGATATTTGGATCACTTCCAGTCGCATCCCAACACTTGCTCGTCCTACTTTTCGGCACATTTCGGGTCGTCGCCGACTCGTCGGACGGTCATTCGAACGCGATGAACCCGAATGCGATCGCGATTTCGGTGGCACCATCGCTTTTTCACACTTGTATACACGATGGACGGACGGCGCGAGTAGAAGACCTTCAACGGTTCAAGCTGGCCTCGAACATTGTGTGCTCGATAATTTGCTCATTCGGCGACACGAAGCTCTTCCCACGCGAGTGCTACGAGTATTACGCCAGATACACGGGTCGCACGTTGCGAATCGACGAGAATCGAATGTTCACTTTTCATAATCCATCCAGTGAGTTGTTCTATTGAGAATTTTTTTTTTAGAAATTTTTTGTATAGTTTAAAATTTTTTTACCCTTCTCGTTTACTTCTTCCAAACCCCTTTTGCACACATTCTCACCACTGCTAACCCATATGTGCTTGGAATTTTTTTTGGTCATGTTCCAAGGCTCTCATCTCATTTTGTGTTGGTGTTAGTAAAAAGTTGTTAACATACAAACTGTGGAAAAAATCTTTTTGCACATTTTGTTAGTTGACAATTTTTTGATATCTCTCACGCACGCTGAGATATAAGCCAAAAAATGGGCAAAGTCGAAAAATCTCAACAAAAAAATCCCAAGCACCCAAGCAACTTTGAACTAACTTTCAAACGAGTTATTGTTTTTGCGGGCAAAAAAAGGGCGGGGCTAGCGAGCCCCACAAATTTTGTTCTCCGGAATTTTGAATTCCCGCACGTGGTCACCATTTTGATCTACGTAGATCTACAAAAAAATGCGGGCAGAGTTCTCAACTGATTTCGCATGGTTAAGAACGTGCGACGTCACATTTTTCTTGGCAAAAATTTCCCGCATTTTTTGTAGATCAAACCGTAATGGGACAGCATGGATCCCGGGGTTCCCGTAAAAGCAGTGACTCTCTGGTCCTCTTGTCCATCTACAGTAGTCTTTTCATCACGGGTATTCCCTTTCTCTCTATTTCTCTGGCGTCTCTCCTCTACCCACATACAGTCTCTCTTGTTATCTCTAGACTCTCTACTATCTCCACACTCTCTCTCTCACTTATGATAACTCGCATGGCGATTTGAAATTTCACTTTTTTCCACCACCACCCCACCGTAGAGCACACTTGCATGGTTTTAATGATCTCTTTTTTTTTGGTTTTTGTTTTATATTTCTCTAATATTTTTATATCTTTCTTCCTCTCTACCTGTCTGTGTCTCCCTTTCTCTATCTCCCTTGTTTCATGTTCTTTATTTGGAATGATGGTGAATAAACACTGGTGGTTGTACTTA
3R5.1a.1,GTTTCAGGTGAAAATGTTTTCACCGCTCGAGTGTCGTCTTGCTGTTGCTTGTAAATTCCAAGATGATCGATATTATAAGCTTTTTCACCAATATTTTGATCTACTGGCCCAAGTTCACTCTGTTGTCGAAACAATGGACGGTTTATGGATGCTGAGAGTGTGGAGGGCTCAAAAATTCGGACCAGAAAGCATCAAAGAGAGACGAGAAAGACAACTATTTCACGTTACTCAATTTTCCTTCAAACGTTACATCGTTCCGCCGAATCCGCGTATTGGAAAAGCCATTGAAGAATTTGGGAAAGAATATCTGATTGAGATCAATGTTTACGACGAGCATCGAGCTGATTTAGTGAGTCTAAATTCCGGTAATTTCGTGGCTATTCAAAATGTGCACGCAGCGTCCACACCACATAGAGAAATTCAAATTCTTCACGGCGGCGGTGAGGCATATCAACGTGGAATCTCGACAGTTCCAGTCGACTTCGAAGTTGATGCTTTTCAAAATTTCAAGAGAAAGGTGGAATCTGTGCTGGAAAATGTTTTGTACGATGAAAATTTCATCGAGTTCCAACAGCCGGAAGAAGTTACTGAAAATCGTGTTCCTGAAGAGCCTCAATTGAACATCCACAAGGACCCTTTGCCGAGTGATCTTCCACAATAAAGGAACACCGAAAGCGTGGCGGTTCGTCTAAATATCGTTTTCTTTTTTTTCTGTAATTTTCGGTTCAAACCGGTGTATCTCACATGTTTGTTTTTGGTTTTTAATATATTTATTGTGTTGTTAACGATTGTTCGGAATGCAGTATTTTTTAAAATTCTTCAG
3R5.1b.1,AGGTGAAAATGTTTTCACCGCTCGAGTGTCGTCTTGCTGTTGCTTGTAAATTCCAAGATGATCGATATTATAAGCTTTTTCACCAATATTTTGATCTACTGGCCCAAGTTCACTCTGTTGTCGAAACAATGGACGGTTTATGGATGCTGAGAGTGTGGAGGGCTCAAAAATTCGGACCAGAAAGCATCAAAGAGAGACGAGAAAGACAACTATTTCACGTTACTCAATTTTCCTTCAAACGTTACATCGTTCCGCCGAATCCGCGTATTGGAAAAGCCATTGAAGAATTTGGGAAAGAATATCTGATTGAGATCAATGTTTACGACGAGCATCGAGCTGATTTATCCGGTAATTTCGTGGCTATTCAAAATGTGCACGCAGCGTCCACACCACATAGAGAAATTCAAATTCTTCACGGCGGCGGTGAGGCATATCAACGTGGAATCTCGACAGTTCCAGTCGACTTCGAAGTTGATGCTTTTCAAAATTTCAAGAGAAAGGTGGAATCTGTGCTGGAAAATGTTTTGTACGATGAAAATTTCATCGAGTTCCAACAGCCGGAAGAAGTTACTGAAAATCGTGTTCCTGAAGAGCCTCAATTGAACATCCACAAGGACCCTTTGCCGAGTGATCTTCCACAATAAAGGAACACCGAAAGCGTGGCGGTTCGTCTAAATATCGTTTTCTTTTTTTTCTGTAATTTTCGGTTCAAACCGGTGTATCTCACATGTTTGTTTTTGGTTTTTAATATATTTATTGTGTTGTTAACGATTGTTCGGAATGCAGTATTTTTTAAAATTCTTCAG
4R79.1a.1,GCTGGTGCTCCGCGCGCAAGGCGGACAGTACCCTCGCTTGCCCCTTAGTGTATACACATTTGACACGTGTCGTTTGATTCTCTGTGCTCTGTAGGTGCTCCAACACTGACTCACTAACATCTCTGTGAGCATCCGGTCATTCCGGTTGCCCTTCCCTGCTCTCTACTTCGTCTCTTCTTTTCCTCTTTCACCAGGAATTGAAGGCTCTTGAAAGAACATCGCAAGCTCTCACTTGCCTGTCTCTGTCTTTAACACGTCCCAGACGACATTACCCCCACAATTATGCTTGACCACGTTTTGCTTTTAACCTACTGCTTAGTTTCAACTGTTGTCAGATCTCAACCATCGGCAGATGTGTTTCGAAGCTTTGCCGGATACATTCCTGAAGATCACAGGGTGACACATCATGAATGGCAAAATTCAGGGAAGTTTCAAGGGGATATTGATGGAGTCGATCCTAACCTTCTCAAGCTCCCAGAAGGTCCAGTGCTTTTCAATGCATTAAAAAACAAGCAGTTAACGTGGGAGGGCGGTGTGATCCCATACGAAATGGATACGGCATTCTCACCGAATGAAATAAAAATTTTGGAAAAAGCGTTTGACAGTTACCGACGAACAACATGCATTAGATTTGAAAAACGAGAAGGTCAAACAGACTACTTAAACATTGTAAAAGGATATGGGTGCTACTCTCAAGTTGGACGAACTGGAGGAAAACAGGAAATTTCTTTGGGACGTGGCTGCTTTTTTCATGAAATAATTGTACACGAACTGATGCATTCCGTCGGATTTTGGCACGAACACTCGAGAGCTGATCGCGATGATCACATTAAGATCAACTGGGATAATATTCTGCCTGGAATGAAGTCTCAATTCGATAAAATTTCGGCAGTGTTACAAGATCTTCAAGGAGAAAACTACGATTACAAATCAATAATGCACTATGACAGCACTGCGTTTTCAAGAAACGGACGAAACACAATAGAAACTGTAGAAAATGGATTCACACAGGTTATTGGGACCGCTATGGACTTGTCACCTCTGGATATTGTGAAAATCAACAAACTGTATTCGTGTAAAACTAAGAAGAAAGAGAAAGTAAAGCCTGCAACTACCGAGGAACCTCATCAACTGATTCCGCAAGTTGTGGATAAAAATTCGGTCGATTCTGGAGAAAAATGTGTCGATCATTTTGCGGATTGCCCGCACTTTGCACAATACTGTACCCGTGCTTCATTTTTCTTTGTTATGAAATCGTACTGTCCATTTACGTGTAAACATTGTCCTGGTGATCGAAAACTCAAAAAATCGGGATGATCTTCTATCTGGTGTTATTTATTTTGTTGCTTATTGTTCCATGACGTGTGTATAATGTAATTCTGAAAGCCAATTTTTTCATTTTTTGAAAATATTTATATAATTTATACTTACAATTAAATAAATTACGTTTTTGCCAA
